Name	title	coding
t3_qrb6p7	how does mcgill treat repeated courses?	c
t3_qr9i24	How likely are class locations to change?	c
t3_qr62ge	Leetcode club?	o
t3_qr5ijs	COMP 330 with crepeau vs COMP 360 with robere	c
t3_qr19q4	Can Profs remove rate my prof ratings/comments?	o
t3_qqzrhw	Study Permit expiry date changed?	o
t3_qqx044	Reaching out to a professor?	o
t3_qqwdur	Working at a residence dining hall?	r
t3_qquzwa	covid testing at hotel dieu: questions	o
t3_qqn7bu	ECON 257 A3	c
t3_qqn56k	How safe are the buildings lockers?	o
t3_qqlli3	Anyone else gonna be an old ass undergrad?	o
t3_qqhn2j	Feeling really dumb at mcgill	o
t3_qqgojh	What is the secret to staying on top of things?	o
t3_qqbjfk	Comp302 Assignment	c
t3_qqcztm	Has your exchange application been reinstated?	o
t3_qqd74r	In need of a study buddy	o
t3_qqd26j	Present thoughts (Rant)	o
t3_qq9nhv	someone should start a dating club at McGill	o
t3_qq7k1p	Iâ€™ve been here for 5 damn years and I finally got to see cloudberry!! She is perfect.	o
t3_qq6ao9	OSD Exam Procedure	c
t3_qq5qod	The 200 students in person limit	c
t3_qq0d9v	Should I wait until the status of the medical exam is updated to arrive?	o
t3_qprmam	Your experience in MATH 396/410	c
t3_qpo7y6	How many classes can you fail before you get kicked out?	c
t3_qpo84a	How many days ahead do you typically start studying for a midterm?	c
t3_qpo7rn	Harassed on the metro	o
t3_qpkl4v	what is this about? seems sus	o
t3_qpkcxp	Peculiar microwave ?	o
t3_qphe5x	Starting a band	o
t3_qphp3l	Hot chocolate	f
t3_qpfm5z	Flags lowered in memory of deceased students: Cause of death?	o
t3_qpeplw	In-person final exams set in stone?	c
t3_qpdtsm	International student insurance coverage for consultation with a doctor outside McGill	o
t3_qp884q	My only source for a reference doesn't want to be a reference - what to do?	o
t3_qp6gu4	good news monday	o
t3_qp5hbh	anyone took mgcr 382 with Nicholas Matziorinis?	c
t3_qp536l	BIOC 311. oh my god	c
t3_qp3xao	"To full time students/part time workers in the Life Sciences program, what should be the maximum amount of hours you allot for work without compromising your studies??"	o
t3_qp0a8e	Anyone willing to share psyc 213 notes?	c
t3_qownap	Lost Goggle	o
t3_qou8zc	fall 2021 SSMU referendum starts tomorrow!	o
t3_qor49v	How doable is it to take GERM325 and GERM336 in the same semester?	c
t3_qos56x	Quick SOCI235 Questions	c
t3_qoet9m	Anyone done the government's free french courses that you get paid to do?	c
t3_qocst2	"SSMU Dental Insurance maxed out, what should I do"	o
t3_qod30w	Where to buy Honeycomb?	f
t3_qoa51e	Cloudberry and a friend	o
t3_qo77a3	CodeJam Updates!	o
t3_qo1vab	Winter 2022 Exchange Reinstatement: Australia	o